date,close
2013-02-08,27783.4792
2013-02-11,27737.5652
2013-02-12,27800.3376
2013-02-13,27839.0995
2013-02-14,27833.2166
2013-02-15,27816.0928
2013-02-19,27971.0608
2013-02-20,27567.7468
2013-02-21,27372.75
2013-02-22,27650.3488
2013-02-25,27141.7911
2013-02-26,27307.1395
2013-02-27,27704.1883
2013-02-28,27696.7879
2013-03-01,27780.4265
2013-03-04,27933.7007
2013-03-05,28218.8791
2013-03-06,28224.9532
2013-03-07,28244.6502
2013-03-08,28391.5401
2013-03-11,28454.4984
2013-03-12,28385.8532
2013-03-13,28477.1377
2013-03-14,28592.6672
2013-03-15,28496.8407
2013-03-18,28334.0744
2013-03-19,28238.3029
2013-03-20,28467.181
2013-03-21,28205.7366
2013-03-22,28368.5295
2013-03-25,28261.0743
2013-03-26,28476.1261
2013-03-27,28501.7278
2013-03-28,28686.1197
2013-04-01,28527.192
2013-04-02,28619.4865
2013-04-03,28308.6196
2013-04-04,28455.0775
2013-04-05,28352.0723
2013-04-08,28563.1738
2013-04-09,28603.9354
2013-04-10,28978.8207
2013-04-11,29153.8051
2013-04-12,29082.2557
2013-04-15,28286.7787
2013-04-16,28732.831
2013-04-17,28347.6345
2013-04-18,28125.2077
2013-04-19,28460.5112
2013-04-22,28555.4065
2013-04-23,28868.5778
2013-04-24,28898.8918
2013-04-25,29088.2944
2013-04-26,28770.9719
2013-04-29,29133.8496
2013-04-30,29252.9161
2013-05-01,28977.3847
2013-05-02,29249.812
2013-05-03,29640.8367
2013-05-06,29714.0682
2013-05-07,29872.199
2013-05-08,30009.1762
2013-05-09,29944.7656
2013-05-10,30172.039
2013-05-13,30164.3972
2013-05-14,30530.176
2013-05-15,30682.2653
2013-05-16,30455.1788
2013-05-17,30782.304
2013-05-20,30768.5623
2013-05-21,30829.2186
2013-05-22,30422.1673
2013-05-23,30325.8366
2013-05-24,30271.7923
2013-05-28,30480.0904
2013-05-29,30193.2913
2013-05-30,30318.1168
2013-05-31,29925.0147
2013-06-03,29966.3454
2013-06-04,29762.1266
2013-06-05,29369.5963
2013-06-06,29691.560699999998
2013-06-07,30022.0214
2013-06-10,30060.1609
2013-06-11,29742.1874
2013-06-12,29471.5707
2013-06-13,29973.4805
2013-06-14,29861.9432
2013-06-17,30097.1083
2013-06-18,30346.5266
2013-06-19,29997.6417
2013-06-20,29207.0426
2013-06-21,29267.8536
2013-06-24,28973.7982
2013-06-25,29259.9882
2013-06-26,29529.1807
2013-06-27,29803.9891
2013-06-28,29693.7514
2013-07-01,29884.7967
2013-07-02,29838.8138
2013-07-03,29855.4073
2013-07-05,30173.4134
2013-07-08,30323.7242
2013-07-09,30541.8241
2013-07-10,30588.3582
2013-07-11,31022.0053
2013-07-12,31150.4657
2013-07-15,31144.8926
2013-07-16,30965.871
2013-07-17,31073.682
2013-07-18,31253.9296
2013-07-19,31377.6153
2013-07-22,31442.3942
2013-07-23,31353.7533
2013-07-24,31176.5382
2013-07-25,31302.7293
2013-07-26,31309.1939
2013-07-29,31172.3192
2013-07-30,31240.2517
2013-07-31,31278.3566
2013-08-01,31771.6358
2013-08-02,31792.3067
2013-08-05,31775.2432
2013-08-06,31576.154
2013-08-07,31405.3187
2013-08-08,31550.2364
2013-08-09,31546.3565
2013-08-12,31465.0049
2013-08-13,31509.1383
2013-08-14,31291.4557
2013-08-15,30836.3842
2013-08-16,30724.2866
2013-08-19,30539.6704
2013-08-20,30770.5702
2013-08-21,30609.3262
2013-08-22,30937.8371
2013-08-23,31016.2702
2013-08-26,30941.4028
2013-08-27,30420.2453
2013-08-28,30481.8178
2013-08-29,30585.2582
2013-08-30,30455.5426
2013-09-03,30614.6316
2013-09-04,30891.7615
2013-09-05,30922.2245
2013-09-06,30940.1193
2013-09-09,31152.4784
2013-09-10,31405.7218
2013-09-11,31535.914
2013-09-12,31554.1001
2013-09-13,31653.1576
2013-09-16,31860.9406
2013-09-17,31997.4982
2013-09-18,32426.254
2013-09-19,32396.2869
2013-09-20,32152.9558
2013-09-23,31978.2873
2013-09-24,31958.7828
2013-09-25,31892.7099
2013-09-26,32062.8749
2013-09-27,31943.9607
2013-09-30,31842.3507
2013-10-01,32144.8276
2013-10-02,32127.0676
2013-10-03,31803.6361
2013-10-04,32071.8337
2013-10-07,31763.3456
2013-10-08,31297.3272
2013-10-09,31267.282
2013-10-10,31961.7688
2013-10-11,32171.1448
2013-10-14,32267.7343
2013-10-15,32019.4462
2013-10-16,32498.0804
2013-10-17,32749.1259
2013-10-18,33064.136
2013-10-21,33062.537
2013-10-22,33271.3949
2013-10-23,33128.717
2013-10-24,33251.7223
2013-10-25,33423.1732
2013-10-28,33376.7969
2013-10-29,33572.3516
2013-10-30,33342.8646
2013-10-31,33253.2712
2013-11-01,33343.9634
2013-11-04,33516.1919
2013-11-05,33420.7717
2013-11-06,33457.283
2013-11-07,32926.4773
2013-11-08,33368.5657
2013-11-11,33440.7893
2013-11-12,33382.3224
2013-11-13,33679.9769
2013-11-14,33893.8517
2013-11-15,34025.0787
2013-11-18,33864.7693
2013-11-19,33718.710100000004
2013-11-20,33615.2226
2013-11-21,33943.3749
2013-11-22,34127.6877
2013-11-25,34078.5065
2013-11-26,34124.2496
2013-11-27,34187.272
2013-11-29,34120.6703
2013-12-02,34026.8665
2013-12-03,33868.5318
2013-12-04,33800.554000000004
2013-12-05,33716.830500000004
2013-12-06,34051.9689
2013-12-09,34080.2952
2013-12-10,34034.8427
2013-12-11,33592.7634
2013-12-12,33530.602
2013-12-13,33576.7221
2013-12-16,33777.6928
2013-12-17,33697.6221
2013-12-18,34265.3574
2013-12-19,34185.5313
2013-12-20,34468.0163
2013-12-23,34597.2912
2013-12-24,34687.1072
2013-12-26,34822.2866
2013-12-27,34776.2957
2013-12-30,34788.7895
2013-12-31,34923.7103
2014-01-02,34587.9814
2014-01-03,34615.1485
2014-01-06,34497.0348
2014-01-07,34779.0651
2014-01-08,34828.1713
2014-01-09,34895.8733
2014-01-10,35049.6892
2014-01-13,34545.0303
2014-01-14,35013.7231
2014-01-15,35130.4044
2014-01-16,35121.8031
2014-01-17,35061.1418
2014-01-21,35200.1674
2014-01-22,35285.7553
2014-01-23,34958.2088
2014-01-24,34117.9726
2014-01-27,33914.6064
2014-01-28,34276.7366
2014-01-29,33940.2798
2014-01-30,34420.4259
2014-01-31,34288.5165
2014-02-03,33394.6161
2014-02-04,33713.2173
2014-02-05,33655.709
2014-02-06,34155.3664
2014-02-07,34686.4293
2014-02-10,34744.538
2014-02-11,35080.3517
2014-02-12,35144.8813
2014-02-13,35401.9296
2014-02-14,35535.0755
2014-02-18,35691.7614
2014-02-19,35483.7264
2014-02-20,35734.6119
2014-02-21,35768.2534
2014-02-24,35997.2254
2014-02-25,35996.0618
2014-02-26,36019.4195
2014-02-27,36173.9743
2014-02-28,36251.2454
2014-03-03,36017.2568
2014-03-04,36593.0196
2014-03-05,36547.9733
2014-03-06,36589.9002
2014-03-07,36595.7033
2014-03-10,36508.3753
2014-03-11,36309.4053
2014-03-12,36356.0183
2014-03-13,35862.3501
2014-03-14,35819.227
2014-03-17,36125.8131
2014-03-18,36403.2825
2014-03-19,36132.5548
2014-03-20,36281.0989
2014-03-21,36100.4015
2014-03-24,35750.9237
2014-03-25,35820.5123
2014-03-26,35470.844900000004
2014-03-27,35977.6512
2014-03-28,36167.1789
2014-03-31,36499.9265
2014-04-01,36880.1727
2014-04-02,36998.4074
2014-04-03,36878.0799
2014-04-04,36257.8899
2014-04-07,35760.1177
2014-04-08,35981.2892
2014-04-09,36451.3613
2014-04-10,35567.1313
2014-04-11,35172.1902
2014-04-14,35443.4373
2014-04-15,35671.5777
2014-04-16,36154.703
2014-04-17,36133.3963
2014-04-21,36237.2052
2014-04-22,36428.5198
2014-04-23,36343.2571
2014-04-24,36334.517
2014-04-25,35873.8258
2014-04-28,35821.4923
2014-04-29,36068.7867
2014-04-30,36227.8466
2014-05-01,36294.4997
2014-05-02,36300.7657
2014-05-05,36413.8928
2014-05-06,36071.9199
2014-05-07,36210.4453
2014-05-08,36111.0511
2014-05-09,36235.155
2014-05-12,36697.1962
2014-05-13,36646.9492
2014-05-14,36432.2967
2014-05-15,36095.8502
2014-05-16,36263.5539
2014-05-19,36434.6782
2014-05-20,36154.8408
2014-05-21,36462.032400000004
2014-05-22,36625.7177
2014-05-23,36831.1895
2014-05-27,37121.8467
2014-05-28,37080.0673
2014-05-29,37296.5114
2014-05-30,37332.4512
2014-06-02,37394.9619
2014-06-03,37352.6177
2014-06-04,37451.5189
2014-06-05,37693.5802
2014-06-06,37886.912
2014-06-09,37886.9328
2014-06-10,37644.9236
2014-06-11,37733.8632
2014-06-12,37426.1659
2014-06-13,37505.5812
2014-06-16,37523.2394
2014-06-17,37601.0509
2014-06-18,37917.044499999996
2014-06-19,37969.452
2014-06-20,38081.8689
2014-06-23,38056.4652
2014-06-24,37828.2105
2014-06-25,38031.8057
2014-06-26,37975.6197
2014-06-27,38060.9494
2014-06-30,38087.3109
2014-07-01,38392.9764
2014-07-02,38281.8708
2014-07-03,38526.9962
2014-07-07,38305.2797
2014-07-08,38025.1596
2014-07-09,38238.0339
2014-07-10,38029.4191
2014-07-11,38090.8404
2014-07-14,38259.4586
2014-07-15,38153.3625
2014-07-16,38226.9679
2014-07-17,37857.5225
2014-07-18,38233.189
2014-07-21,38128.4384
2014-07-22,38410.0838
2014-07-23,38498.3084
2014-07-24,38537.1457
2014-07-25,38361.0291
2014-07-28,38332.1657
2014-07-29,38160.2943
2014-07-30,38219.3459
2014-07-31,37499.3369
2014-08-01,37563.5647
2014-08-04,37738.1056
2014-08-05,37419.7401
2014-08-06,37386.9028
2014-08-07,37122.6489
2014-08-08,37587.7566
2014-08-11,37699.6964
2014-08-12,37603.3834
2014-08-13,37880.6895
2014-08-14,38059.4595
2014-08-15,38031.6784
2014-08-18,38395.6124
2014-08-19,38559.6481
2014-08-20,38673.9407
2014-08-21,38723.2376
2014-08-22,38641.6557
2014-08-25,38824.9894
2014-08-26,38868.7786
2014-08-27,38815.0114
2014-08-28,38763.3511
2014-08-29,38880.9733
2014-09-02,38923.8888
2014-09-03,38900.4629
2014-09-04,38836.2765
2014-09-05,38979.715299999996
2014-09-08,38878.4239
2014-09-09,38563.1111
2014-09-10,38653.2709
2014-09-11,38666.8531
2014-09-12,38392.8069
2014-09-15,38286.617
2014-09-16,38585.9871
2014-09-17,38622.0259
2014-09-18,38800.193
2014-09-19,38734.8415
2014-09-22,38312.6056
2014-09-23,38065.3636
2014-09-24,38437.8173
2014-09-25,37859.4658
2014-09-26,38167.4853
2014-09-29,38100.3262
2014-09-30,37948.2558
2014-10-01,37431.0949
2014-10-02,37470.5791
2014-10-03,37893.9371
2014-10-06,37761.7165
2014-10-07,37152.0087
2014-10-08,37772.6603
2014-10-09,37004.4675
2014-10-10,36513.4054
2014-10-13,35846.7264
2014-10-14,36045.2803
2014-10-15,35904.7509
2014-10-16,36065.1002
2014-10-17,36483.6775
2014-10-20,36863.9155
2014-10-21,37633.4091
2014-10-22,37304.736
2014-10-23,37828.5385
2014-10-24,38070.5535
2014-10-27,38061.9018
2014-10-28,38563.0831
2014-10-29,38562.3288
2014-10-30,39052.095
2014-10-31,39250.4842
2014-11-03,39216.3032
2014-11-04,38984.1201
2014-11-05,39131.909999999996
2014-11-06,39344.1014
2014-11-07,39334.2826
2014-11-10,39511.2377
2014-11-11,39607.7463
2014-11-12,39566.9177
2014-11-13,39549.6609
2014-11-14,39512.3003
2014-11-17,39505.5061
2014-11-18,39753.0331
2014-11-19,39717.5393
2014-11-20,39789.1066
2014-11-21,40006.8018
2014-11-24,40192.8984
2014-11-25,40178.5708
2014-11-26,40206.1269
2014-11-28,40146.4015
2014-12-01,39794.5269
2014-12-02,40044.3485
2014-12-03,40267.5332
2014-12-04,40248.5494
2014-12-05,40261.4512
2014-12-08,40014.6378
2014-12-09,40097.8228
2014-12-10,39438.100099999996
2014-12-11,39636.7078
2014-12-12,39080.4829
2014-12-15,38838.9917
2014-12-16,38479.5102
2014-12-17,39301.5298
2014-12-18,40165.3641
2014-12-19,40362.2322
2014-12-22,40565.6288
2014-12-23,40622.2206
2014-12-24,40645.8161
2014-12-26,40765.1108
2014-12-29,40850.9575
2014-12-30,40633.5493
2014-12-31,40253.3903
2015-01-02,40340.0311
2015-01-05,39633.6175
2015-01-06,39255.4869
2015-01-07,39774.9393
2015-01-08,40423.8198
2015-01-09,40114.9275
2015-01-12,39810.8729
2015-01-13,39734.2966
2015-01-14,39559.521
2015-01-15,39213.0737
2015-01-16,39753.5569
2015-01-20,39799.8045
2015-01-21,40045.3991
2015-01-22,40637.5213
2015-01-23,40480.4561
2015-01-26,40669.5079
2015-01-27,40275.7097
2015-01-28,39757.015
2015-01-29,40113.3868
2015-01-30,39659.8434
2015-02-02,40030.1116
2015-02-03,40586.6431
2015-02-04,40344.1115
2015-02-05,40747.5181
2015-02-06,40513.5956
2015-02-09,40286.2789
2015-02-10,40752.6342
2015-02-11,40731.8954
2015-02-12,41132.3756
2015-02-13,41302.2804
2015-02-17,41347.6635
2015-02-18,41438.2008
2015-02-19,41544.0731
2015-02-20,41822.3872
2015-02-23,41819.8444
2015-02-24,41845.1204
2015-02-25,41897.3341
2015-02-26,41806.9381
2015-02-27,41679.0386
2015-03-02,42006.7304
2015-03-03,41826.4747
2015-03-04,41606.2672
2015-03-05,41777.893
2015-03-06,41152.764
2015-03-09,41136.9427
2015-03-10,40501.3789
2015-03-11,40504.5521
2015-03-12,41050.5163
2015-03-13,40820.7483
2015-03-16,41417.5662
2015-03-17,41299.4064
2015-03-18,41805.252
2015-03-19,41708.7761
2015-03-20,42114.9397
2015-03-23,42171.1428
2015-03-24,41953.0265
2015-03-25,41296.0137
2015-03-26,41223.0096
2015-03-27,41407.4747
2015-03-30,41899.4104
2015-03-31,41592.775
2015-04-01,41392.8904
2015-04-02,41514.9608
2015-04-06,41814.264
2015-04-07,41659.6553
2015-04-08,41873.3679
2015-04-09,41954.1649
2015-04-10,42099.6615
2015-04-13,41936.0826
2015-04-14,41972.1625
2015-04-15,42108.5591
2015-04-16,42090.3465
2015-04-17,41599.8598
2015-04-20,41952.8624
2015-04-21,41982.5847
2015-04-22,42086.5155
2015-04-23,42228.9831
2015-04-24,42248.8278
2015-04-27,41988.4602
2015-04-28,41963.851
2015-04-29,41726.6747
2015-04-30,41284.2973
2015-05-01,41781.2038
2015-05-04,41927.1265
2015-05-05,41389.2112
2015-05-06,41292.4414
2015-05-07,41467.239
2015-05-08,41955.2599
2015-05-11,41772.3291
2015-05-12,41649.6359
2015-05-13,41604.9007
2015-05-14,42025.213
2015-05-15,42090.9767
2015-05-18,42273.3984
2015-05-19,42262.7561
2015-05-20,42225.6751
2015-05-21,42332.2648
2015-05-22,42264.9999
2015-05-26,41831.2259
2015-05-27,42158.7033
2015-05-28,42079.0432
2015-05-29,41812.1656
2015-06-01,41913.2763
2015-06-02,41910.7929
2015-06-03,41977.2056
2015-06-04,41643.2203
2015-06-05,41639.2072
2015-06-08,41341.2414
2015-06-09,41318.9925
2015-06-10,41783.2194
2015-06-11,41897.5111
2015-06-12,41648.1925
2015-06-15,41460.2781
2015-06-16,41671.745
2015-06-17,41774.7117
2015-06-18,42217.0618
2015-06-19,42064.7748
2015-06-22,42250.4246
2015-06-23,42240.4272
2015-06-24,41947.2438
2015-06-25,41855.8095
2015-06-26,41857.3339
2015-06-29,40950.7951
2015-06-30,41146.851
2015-07-01,41400.5267
2015-07-02,41361.673
2015-07-06,41327.4387
2015-07-07,41630.5471
2015-07-08,40923.4862
2015-07-09,41072.3632
2015-07-10,41585.503
2015-07-13,42062.7112
2015-07-14,42252.8347
2015-07-15,42146.1213
2015-07-16,42435.0701
2015-07-17,42538.4916
2015-07-20,42546.3106
2015-07-21,42334.4047
2015-07-22,42418.954
2015-07-23,42178.7192
2015-07-24,41672.669
2015-07-27,41423.4084
2015-07-28,41912.4452
2015-07-29,42259.5799
2015-07-30,42317.0168
2015-07-31,42357.5046
2015-08-03,42288.6116
2015-08-04,42351.8789
2015-08-05,42652.0503
2015-08-06,42312.2095
2015-08-07,42198.2373
2015-08-10,42664.0462
2015-08-11,42415.1024
2015-08-12,42414.2473
2015-08-13,42410.8677
2015-08-14,42590.4835
2015-08-17,42861.8312
2015-08-18,42774.4887
2015-08-19,42508.7787
2015-08-20,41592.3659
2015-08-21,40363.7968
2015-08-24,38751.2613
2015-08-25,38301.0231
2015-08-26,39639.382
2015-08-27,40576.9305
2015-08-28,40601.5606
2015-08-31,40185.9088
2015-09-01,39106.4358
2015-09-02,39841.9012
2015-09-03,39898.2518
2015-09-04,39349.241200000004
2015-09-08,40351.9899
2015-09-09,39844.368
2015-09-10,39983.3605
2015-09-11,40208.0692
2015-09-14,40016.6782
2015-09-15,40516.1128
2015-09-16,40832.7139
2015-09-17,40851.6976
2015-09-18,40214.9041
2015-09-21,40346.6248
2015-09-22,39806.2405
2015-09-23,39728.6286
2015-09-24,39533.8757
2015-09-25,39400.9413
2015-09-28,38246.8451
2015-09-29,38284.7429
2015-09-30,39044.2907
2015-10-01,39146.0263
2015-10-02,39738.2889
2015-10-05,40375.4915
2015-10-06,40044.5389
2015-10-07,40389.6701
2015-10-08,40794.1459
2015-10-09,40861.9666
2015-10-12,40989.914600000004
2015-10-13,40648.3198
2015-10-14,40373.162599999996
2015-10-15,40919.6239
2015-10-16,41061.9947
2015-10-19,41161.8209
2015-10-20,41073.8193
2015-10-21,40784.0951
2015-10-22,41317.4202
2015-10-23,41614.1939
2015-10-26,41692.0793
2015-10-27,41597.073300000004
2015-10-28,42009.3735
2015-10-29,42082.5874
2015-10-30,42023.0785
2015-11-02,42502.124
2015-11-03,42516.4877
2015-11-04,42414.7315
2015-11-05,42441.1023
2015-11-06,42294.6934
2015-11-09,41779.2468
2015-11-10,41956.4293
2015-11-11,41837.5058
2015-11-12,41222.0041
2015-11-13,40783.798
2015-11-16,41364.4337
2015-11-17,41331.541
2015-11-18,41989.0174
2015-11-19,41939.7304
2015-11-20,42095.6867
2015-11-23,42114.0846
2015-11-24,42101.8913
2015-11-25,42183.6596
2015-11-27,42251.5982
2015-11-30,42020.9741
2015-12-01,42465.652799999996
2015-12-02,41977.9185
2015-12-03,41333.1471
2015-12-04,42086.0469
2015-12-07,41773.897
2015-12-08,41631.6725
2015-12-09,41236.1995
2015-12-10,41322.7154
2015-12-11,40573.9736
2015-12-14,40707.3113
2015-12-15,41106.2749
2015-12-16,41676.6353
2015-12-17,41072.6273
2015-12-18,40445.5161
2015-12-21,40701.5682
2015-12-22,41004.9665
2015-12-23,41485.5442
2015-12-24,41433.608
2015-12-28,41421.8166
2015-12-29,41851.372
2015-12-30,41564.9051
2015-12-31,41190.5822
2016-01-04,40502.9315
2016-01-05,40709.365
2016-01-06,40171.3564
2016-01-07,39310.9776
2016-01-08,38816.0919
2016-01-11,38753.8732
2016-01-12,39034.1413
2016-01-13,38007.9781
2016-01-14,38561.9629
2016-01-15,37857.3532
2016-01-19,37859.1704
2016-01-20,37507.195
2016-01-21,37640.6078
2016-01-22,38426.8711
2016-01-25,37822.0517
2016-01-26,38369.0475
2016-01-27,37897.8767
2016-01-28,37934.4993
2016-01-29,38853.1372
2016-02-01,38946.4359
2016-02-02,38228.2068
2016-02-03,38326.083
2016-02-04,38392.0251
2016-02-05,37539.476
2016-02-08,36735.172
2016-02-09,36717.5425
2016-02-10,36880.3425
2016-02-11,36475.4666
2016-02-12,37179.6553
2016-02-16,37917.4324
2016-02-17,38660.7834
2016-02-18,38485.2828
2016-02-19,38587.8569
2016-02-22,39158.4078
2016-02-23,38740.2234
2016-02-24,38919.8291
2016-02-25,39359.7228
2016-02-26,39351.8314
2016-02-29,39070.9571
2016-03-01,40027.2226
2016-03-02,40147.6074
2016-03-03,40309.7999
2016-03-04,40405.6055
2016-03-07,40416.5512
2016-03-08,39937.1224
2016-03-09,40103.8614
2016-03-10,40153.2428
2016-03-11,40931.4993
2016-03-14,40875.0002
2016-03-15,40712.9021
2016-03-16,41001.588
2016-03-17,41228.2374
2016-03-18,41373.938
2016-03-21,41403.6931
2016-03-22,41392.5811
2016-03-23,41148.6219
2016-03-24,41112.3745
2016-03-28,41163.63
2016-03-29,41586.5549
2016-03-30,41706.4681
2016-03-31,41670.2844
2016-04-01,41979.3856
2016-04-04,41685.3082
2016-04-05,41363.5283
2016-04-06,41848.9696
2016-04-07,41389.0926
2016-04-08,41509.443
2016-04-11,41341.5955
2016-04-12,41720.5407
2016-04-13,42142.7658
2016-04-14,42101.7784
2016-04-15,42167.2786
2016-04-18,42462.4435
2016-04-19,42472.5842
2016-04-20,42462.1732
2016-04-21,42218.7411
2016-04-22,42277.6415
2016-04-25,42201.4639
2016-04-26,42341.5315
2016-04-27,42451.1407
2016-04-28,41959.1536
2016-04-29,41771.2625
2016-05-02,42165.9882
2016-05-03,41830.2879
2016-05-04,41529.8587
2016-05-05,41559.5173
2016-05-06,41700.4981
2016-05-09,41828.5946
2016-05-10,42364.2522
2016-05-11,41911.4662
2016-05-12,41950.151
2016-05-13,41614.746
2016-05-16,42006.4354
2016-05-17,41618.3698
2016-05-18,41589.3842
2016-05-19,41365.4909
2016-05-20,41674.792
2016-05-23,41563.8374
2016-05-24,42155.659
2016-05-25,42388.4413
2016-05-26,42367.1704
2016-05-27,42573.4826
2016-05-31,42570.5285
2016-06-01,42665.495
2016-06-02,42852.7686
2016-06-03,42702.5522
2016-06-06,42901.1244
2016-06-07,42958.0546
2016-06-08,43130.7491
2016-06-09,43035.6746
2016-06-10,42525.6152
2016-06-13,42191.3855
2016-06-14,42112.4404
2016-06-15,42083.7477
2016-06-16,42160.8693
2016-06-17,42032.2332
2016-06-20,42347.9769
2016-06-21,42396.5233
2016-06-22,42385.8116
2016-06-23,42964.1917
2016-06-24,41331.3895
2016-06-27,40457.3693
2016-06-28,41197.7686
2016-06-29,41929.0449
2016-06-30,42511.0451
2016-07-01,42693.2397
2016-07-05,42387.8229
2016-07-06,42643.8954
2016-07-07,42589.7085
2016-07-08,43331.6625
2016-07-11,43497.0094
2016-07-12,43769.5201
2016-07-13,43746.5981
2016-07-14,43905.6953
2016-07-15,43834.7676
2016-07-18,43920.2863
2016-07-19,43840.8242
2016-07-20,44073.7353
2016-07-21,43905.1347
2016-07-22,44187.9519
2016-07-25,44082.5581
2016-07-26,44193.4238
2016-07-27,44052.5966
2016-07-28,44251.2064
2016-07-29,44378.0827
2016-08-01,44324.7736
2016-08-02,43987.2225
2016-08-03,44154.8681
2016-08-04,44121.967
2016-08-05,44487.1849
2016-08-08,44421.8523
2016-08-09,44435.3048
2016-08-10,44369.5167
2016-08-11,44579.1864
2016-08-12,44527.3486
2016-08-15,44657.0631
2016-08-16,44345.8309
2016-08-17,44398.0384
2016-08-18,44551.6004
2016-08-19,44516.7057
2016-08-22,44534.4858
2016-08-23,44619.1234
2016-08-24,44307.3023
2016-08-25,44265.3426
2016-08-26,44155.6433
2016-08-29,44388.1735
2016-08-30,44250.7336
2016-08-31,44132.3477
2016-09-01,44152.0697
2016-09-02,44345.144
2016-09-06,44462.712400000004
2016-09-07,44531.1484
2016-09-08,44354.0767
2016-09-09,43186.618800000004
2016-09-12,43842.6183
2016-09-13,43168.738
2016-09-14,43141.5441
2016-09-15,43564.7828
2016-09-16,43399.5004
2016-09-19,43480.3456
2016-09-20,43429.4338
2016-09-21,43962.496399999996
2016-09-22,44308.7605
2016-09-23,44079.7298
2016-09-26,43807.3022
2016-09-27,44075.5297
2016-09-28,44270.3796
2016-09-29,43883.1907
2016-09-30,44203.6482
2016-10-03,44018.1632
2016-10-04,43768.4439
2016-10-05,43897.5313
2016-10-06,43939.546
2016-10-07,43735.3922
2016-10-10,43954.9884
2016-10-11,43306.4427
2016-10-12,43361.1996
2016-10-13,43263.057
2016-10-14,43227.4151
2016-10-17,43098.8919
2016-10-18,43402.7212
2016-10-19,43519.9005
2016-10-20,43413.0023
2016-10-21,43356.7308
2016-10-24,43556.7176
2016-10-25,43258.8214
2016-10-26,43098.287
2016-10-27,42791.474
2016-10-28,42776.9068
2016-10-31,42838.3552
2016-11-01,42476.1874
2016-11-02,42175.9842
2016-11-03,42015.6997
2016-11-04,42040.4862
2016-11-07,42984.1957
2016-11-08,43252.9273
2016-11-09,43712.0388
2016-11-10,43874.9744
2016-11-11,43781.3693
2016-11-14,43856.4098
2016-11-15,44141.9783
2016-11-16,44051.948
2016-11-17,44273.1875
2016-11-18,44100.869
2016-11-21,44461.71
2016-11-22,44629.9896
2016-11-23,44696.7529
2016-11-25,44846.8132
2016-11-28,44583.3644
2016-11-29,44668.6773
2016-11-30,44464.9007
2016-12-01,44224.1976
2016-12-02,44325.3294
2016-12-05,44629.4697
2016-12-06,44765.0601
2016-12-07,45339.6406
2016-12-08,45477.826
2016-12-09,45610.1441
2016-12-12,45480.4962
2016-12-13,45685.7171
2016-12-14,45252.8787
2016-12-15,45361.15
2016-12-16,45267.8951
2016-12-19,45335.6505
2016-12-20,45506.1884
2016-12-21,45381.6541
2016-12-22,45225.3699
2016-12-23,45314.1886
2016-12-27,45453.6246
2016-12-28,45019.8285
2016-12-29,45040.9419
2016-12-30,44831.893000000004
2017-01-03,45190.6382
2017-01-04,45633.5574
2017-01-05,45595.8388
2017-01-06,45788.2698
2017-01-09,45577.6176
2017-01-10,45675.0956
2017-01-11,45754.1298
2017-01-12,45693.2352
2017-01-13,45785.833
2017-01-17,45663.635800000004
2017-01-18,45795.1245
2017-01-19,45607.2956
2017-01-20,45750.6016
2017-01-23,45670.0903
2017-01-24,46023.8772
2017-01-25,46368.272899999996
2017-01-26,46275.5007
2017-01-27,46210.4819
2017-01-30,45942.4917
2017-01-31,45943.6009
2017-02-01,45883.5346
2017-02-02,45938.4928
2017-02-03,46232.798
2017-02-06,46127.8635
2017-02-07,46152.1915
2017-02-08,46294.207
2017-02-09,46622.0503
2017-02-10,46840.7702
2017-02-13,47042.9691
2017-02-14,47139.5203
2017-02-15,47360.511
2017-02-16,47310.7993
2017-02-17,47403.2171
2017-02-21,47702.1894
2017-02-22,47605.4687
2017-02-23,47493.7469
2017-02-24,47636.9298
2017-02-27,47761.808
2017-02-28,47672.3347
2017-03-01,48224.7292
2017-03-02,47904.9078
2017-03-03,47897.0097
2017-03-06,47711.9683
2017-03-07,47552.3988
2017-03-08,47480.7336
2017-03-09,47477.2716
2017-03-10,47638.1761
2017-03-13,47752.7018
2017-03-14,47575.5963
2017-03-15,47991.2176
2017-03-16,47856.2045
2017-03-17,47886.6622
2017-03-20,47763.4118
2017-03-21,47178.4945
2017-03-22,47308.4271
2017-03-23,47263.5941
2017-03-24,47212.6356
2017-03-27,47189.0785
2017-03-28,47525.971
2017-03-29,47644.2566
2017-03-30,47729.0088
2017-03-31,47690.551
2017-04-03,47624.1449
2017-04-04,47556.5752
2017-04-05,47431.9235
2017-04-06,47619.8132
2017-04-07,47594.2377
2017-04-10,47689.5503
2017-04-11,47669.8601
2017-04-12,47394.3424
2017-04-13,47126.0642
2017-04-17,47567.0316
2017-04-18,47398.5601
2017-04-19,47454.0367
2017-04-20,47826.7506
2017-04-21,47720.7183
2017-04-24,48238.5935
2017-04-25,48513.2473
2017-04-26,48538.252
2017-04-27,48574.6134
2017-04-28,48492.5079
2017-05-01,48546.7103
2017-05-02,48703.5158
2017-05-03,48588.1963
2017-05-04,48745.1403
2017-05-05,48973.9617
2017-05-08,48880.3606
2017-05-09,48894.2481
2017-05-10,48897.3731
2017-05-11,48760.9333
2017-05-12,48615.6917
2017-05-15,48890.5158
2017-05-16,48823.7863
2017-05-17,48025.929
2017-05-18,48228.6677
2017-05-19,48559.3321
2017-05-22,48849.653
2017-05-23,48786.9206
2017-05-24,48953.5672
2017-05-25,49275.6487
2017-05-26,49283.7526
2017-05-30,49201.8651
2017-05-31,49275.6019
2017-06-01,49732.9765
2017-06-02,49938.7408
2017-06-05,49823.0084
2017-06-06,49585.051
2017-06-07,49661.3437
2017-06-08,49685.6673
2017-06-09,49595.6918
2017-06-12,49501.1433
2017-06-13,49810.136
2017-06-14,49737.3455
2017-06-15,49647.9552
2017-06-16,49627.2685
2017-06-19,50062.5789
2017-06-20,49733.8267
2017-06-21,49739.8272
2017-06-22,49734.8453
2017-06-23,49842.886
2017-06-26,49873.0111
2017-06-27,49439.0766
2017-06-28,49856.4099
2017-06-29,49392.083099999996
2017-06-30,49490.3942
2017-07-03,49609.9141
2017-07-05,49596.7889
2017-07-06,49135.2776
2017-07-07,49543.7878
2017-07-10,49583.924100000004
2017-07-11,49521.3393
2017-07-12,49908.6141
2017-07-13,49989.7865
2017-07-14,50221.6703
2017-07-17,50305.9835
2017-07-18,50279.8565
2017-07-19,50577.9679
2017-07-20,50524.0554
2017-07-21,50573.9433
2017-07-24,50559.6678
2017-07-25,50622.3293
2017-07-26,50598.3763
2017-07-27,50450.8116
2017-07-28,50461.625
2017-07-31,50393.0798
2017-08-01,50468.5727
2017-08-02,50375.6334
2017-08-03,50243.2501
2017-08-04,50312.3077
2017-08-07,50397.7802
2017-08-08,50242.2224
2017-08-09,50098.026
2017-08-10,49308.9506
2017-08-11,49396.3789
2017-08-14,49886.098
2017-08-15,49791.0761
2017-08-16,49921.7174
2017-08-17,49167.9744
2017-08-18,49054.5007
2017-08-21,49086.8545
2017-08-22,49595.1315
2017-08-23,49391.4981
2017-08-24,49335.4793
2017-08-25,49398.2527
2017-08-28,49371.4179
2017-08-29,49410.398
2017-08-30,49707.0587
2017-08-31,50062.7348
2017-09-01,50215.8331
2017-09-05,49873.2339
2017-09-06,49985.3583
2017-09-07,50018.5168
2017-09-08,50052.8387
2017-09-11,50518.1035
2017-09-12,50652.1002
2017-09-13,50618.5072
2017-09-14,50615.0501
2017-09-15,50560.2936
2017-09-18,50616.6393
2017-09-19,50514.4138
2017-09-20,50613.5003
2017-09-21,50494.423
2017-09-22,50562.7088
2017-09-25,50467.3172
2017-09-26,50490.1462
2017-09-27,50702.4034
2017-09-28,50760.7906
2017-09-29,51011.391
2017-10-02,51241.287299999996
2017-10-03,51349.1277
2017-10-04,51506.4719
2017-10-05,51768.6819
2017-10-06,51746.8341
2017-10-09,51612.068
2017-10-10,51671.7972
2017-10-11,51777.1606
2017-10-12,51828.071
2017-10-13,51898.1316
2017-10-16,51913.4397
2017-10-17,51954.1825
2017-10-18,51971.0167
2017-10-19,52019.4072
2017-10-20,52327.5225
2017-10-23,52117.5465
2017-10-24,52139.0325
2017-10-25,51864.9611
2017-10-26,51945.4087
2017-10-27,52223.7025
2017-10-30,52026.5482
2017-10-31,52142.2834
2017-11-01,52149.6881
2017-11-02,52190.0796
2017-11-03,52298.444
2017-11-06,52398.9692
2017-11-07,52130.6025
2017-11-08,52252.1518
2017-11-09,52057.43
2017-11-10,52025.4
2017-11-13,52130.36
2017-11-14,52121.23
2017-11-15,51836.26
2017-11-16,52297.91
2017-11-17,52257.41
2017-11-20,52336.0
2017-11-21,52592.18
2017-11-22,52550.13
2017-11-24,52645.05
2017-11-27,52672.07
2017-11-28,53162.33
2017-11-29,53186.2
2017-11-30,53597.840000000004
2017-12-01,53369.57
2017-12-04,53282.76
2017-12-05,53146.67
2017-12-06,53124.04
2017-12-07,53386.55
2017-12-08,53701.22
2017-12-11,53693.27
2017-12-12,53681.71
2017-12-13,53675.11
2017-12-14,53426.35
2017-12-15,53909.83
2017-12-18,54244.24
2017-12-19,54075.340000000004
2017-12-20,54016.24
2017-12-21,54038.42
2017-12-22,54059.409999999996
2017-12-26,54097.96
2017-12-27,54131.72
2017-12-28,54277.01
2017-12-29,53980.31
2018-01-02,54425.02
2018-01-03,54878.35
2018-01-04,55010.155
2018-01-05,55410.53
2018-01-08,55593.75
2018-01-09,55695.995
2018-01-10,55534.619
2018-01-11,55951.295
2018-01-12,56383.57
2018-01-16,56133.409999999996
2018-01-17,56661.7
2018-01-18,56539.05
2018-01-19,56878.675
2018-01-22,57227.29
2018-01-23,57467.1
2018-01-24,57525.98
2018-01-25,57639.41
2018-01-26,58189.27
2018-01-29,57793.895
2018-01-30,57239.435
2018-01-31,57230.93
2018-02-01,57005.090000000004
2018-02-02,55907.53
2018-02-05,53839.215000000004
2018-02-06,54625.42
2018-02-07,54419.915
